pos,player_name
1,Gabe Pruitt
2,Glen Davis
2,Jermareo Davidson
2,Josh McRoberts
3,Kyrylo Fesenko
2,Tyrus Thomas
2,Chris Richard
3,Aaron Gray
1,JamesOn Curry
1,Ramon Sessions
1,D.J. Strawberry
2,Demetris Nichols
1,Taurean Green
3,Marc Gasol
2,Dominic McGuire
1,Yue Sun
2,Marcus E. Williams
2,Derrick Byars
2,Julian Wright
1,Mike Conley
2,Kevin Durant
2,Jeff Green
1,Acie Law
2,Al Thornton
2,Jianlian Yi
2,Thaddeus Young
1,Rodney Stuckey
2,Jared Dudley
2,Brandan Wright
3,Sean Williams
2,Wilson Chandler
1,Marco Belinelli
1,Javaris Crittenton
2,Jason Smith
1,Daequan Cook
1,Aaron Brooks
1,Arron Afflalo
2,Alando Tucker
1,Sarunas Jasikevicius
3,Chris Kaman
3,Andrew Bogut
2,Marvin Williams
1,Deron Williams
1,Chris Paul
1,Raymond Felton
2,Martell Webster
2,Charlie Villanueva
2,Andrea Bargnani
2,Adam Morrison
2,Shelden Williams
1,Brandon Roy
1,Shannon Brown
2,Rudy Gay
3,Patrick O'Bryant
3,Saer Sene
1,Quincy Douby
3,Oleksiy Pecherov
1,J.J. Redick
1,Marcus D. Williams
1,Kyle Lowry
1,Randy Foye
3,Hilton Armstrong
1,Sergio Rodriguez
2,Rodney Carney
1,Mardy Collins
2,Shawne Williams
1,Jordan Farmar
2,Renaldo Balkman
1,Rajon Rondo
2,Ike Diogu
2,James White
2,Steve Novak
2,David Noel
2,P.J. Tucker
2,Bobby Jones
2,Craig Smith
3,Kosta Perovic
1,Daniel Gibson
2,Damir Markota
2,Marcus Vinicius
2,Alexander Johnson
1,Dee Brown
2,Leon Powe
3,Ryan Hollins
3,Cheickh Samb
1,Guillermo Diaz
1,Hassan Adams
1,Will Blalock
2,Brandon Bass
1,Daniel Ewing
2,Ersan Ilyasova
1,Monta Ellis
1,Travis Diener
1,Orien Greene
1,Salim Stoudamire
2,Ryan Gomes
2,Mickael Gelabale
1,Bracey Wright
2,Andray Blatche
1,Lou Williams
3,Martynas Andriuskevicius
3,Mile Ilic
2,Uros Slokar
2,Lawrence Roberts
2,Amir Johnson
1,Roko Ukic
2,Chris Taft
3,Robert Whaley
2,Dijon Thompson
1,Alex Acker
3,Solomon Jones
1,Joe Johnson
1,Nate Robinson
1,Jamal Crawford
3,Eddy Curry
2,Zach Randolph
3,Randolph Morris
2,Malik Rose
1,Fred Jones
2,Jared Jeffries
3,Jerome James
1,Rafer Alston
3,Loren Woods
1,Bobby Jackson
2,Shane Battier
1,Luther Head
3,Yao Ming
1,Steve Francis
2,Mike Harris
2,Luis Scola
2,Chuck Hayes
3,Dikembe Mutombo
3,Kwame Brown
3,Jason Collins
2,Brian Cardinal
1,Casey Jacobsen
2,Hakim Warrick
1,Aaron McKie
1,Juan Carlos Navarro
1,Chauncey Billups
2,Jason Maxiell
2,Jarvis Hayes
2,Antonio McDyess
1,Juan Dixon
2,Tayshaun Prince
2,Walter Herrmann
1,Richard Hamilton
1,Lindsey Hunter
3,Theo Ratliff
1,Larry Hughes
2,Andres Nocioni
1,Kirk Hinrich
1,Chris Duhon
1,Ben Gordon
1,DeShawn Stevenson
3,Brendan Haywood
1,Gilbert Arenas
2,Caron Butler
1,Antonio Daniels
3,Etan Thomas
2,Antawn Jamison
2,Darius Songaila
1,Roger Mason
1,Charlie Bell
1,Royal Ivey
1,Mo Williams
3,Jake Voskuhl
1,Michael Redd
2,Bobby Simmons
1,Nick Young
3,David Harrison
1,Andre Owens
1,Flip Murray
1,Jamaal Tinsley
1,Kareem Rush
2,Marquis Daniels
3,Jeff Foster
2,Devin Brown
3,Lance Allred
2,LeBron James
3,Anderson Varejao
1,Billy Thomas
1,Damon Jones
3,Dwayne Jones
1,Delonte West
2,Joe Smith
2,Wally Szczerbiak
1,Damon Stoudamire
1,Jacque Vaughn
3,Ian Mahinmi
1,Manu Ginobili
2,Robert Horry
1,Tony Parker
1,Brent Barry
2,Bruce Bowen
2,Trenton Hassell
2,Vince Carter
1,Devin Harris
2,Bostjan Nachbar
2,Richard Jefferson
3,Nenad Krstic
2,Keith Van Horn
1,Darrell Armstrong
3,DeSagana Diop
1,Luke Ridnour
3,Johan Petro
1,Earl Watson
2,Donyell Marshall
3,Robert Swift
2,Ronald Dupree
2,Juwan Howard
2,Malik Allen
1,J.J. Barea
3,Erick Dampier
1,Jason Kidd
1,Tyronn Lue
1,Jason Terry
2,Jerry Stackhouse
3,Jamaal Magloire
2,Dirk Nowitzki
2,Jeremy Richardson
2,Josh Childress
3,Zaza Pachulia
2,Josh Smith
1,Mike Bibby
1,Speedy Claxton
2,Sean May
3,Nazr Mohammed
2,Gerald Wallace
1,Earl Boykins
1,Derek Anderson
2,Viktor Khryapa
1,Thomas Gardner
1,Stephon Marbury
1,Eddie Gill
2,Anthony Tolliver
1,Darius Washington
1,Robert Hite
1,Keith Langford
2,Kaniel Dickens
1,Eric Snow
2,Jerome Williams
1,Chris Whitney
3,Kevin Willis
2,Nick Fazekas
1,Dan Dickau
1,Mike Wilks
1,David Wesley
2,Cliff Robinson
2,Joel Freeland
3,Jackie Butler
3,Justin Williams
1,Brevin Knight
3,Andrew Bynum
2,Justin Reed
2,Yaroslav Korolev
1,Rashad McCants
1,John Lucas
1,Joey Graham
1,Mario West
2,Julius Hodge
1,Jarrett Jack
2,Linas Kleiza
2,Wayne Simien
3,Spencer Hawes
1,Rudy Fernandez
2,Tiago Splitter
2,Stephane Lasme
3,Dwight Howard
1,Shaun Livingston
3,Babby Araujo
2,Andre Iguodala
2,Luke Jackson
3,Andris Biedrins
1,Sebastian Telfair
2,Kris Humphries
1,J.R. Smith
2,Dorell Wright
1,Jameer Nelson
3,Pavel Podkolzin
1,Tony Allen
1,Kevin Martin
1,Sasha Vujacic
1,Beno Udrih
2,Trevor Ariza
1,Tim Pickett
3,Ha Seung-Jin
1,Vassilis Spanoulis
1,Antonio Burks
1,Lionel Chalmers
3,Peter John Ramos
1,Luis Flores
2,Ryan Humphrey
2,Chris Jefferies
1,Jay Williams
1,Dajuan Wagner
2,Nikoloz Tskitishvili
3,Curtis Borchardt
3,Efthimios Rentzias
1,Frankie Williams
2,Jiri Welsch
2,Mike Sweetney
1,Carlos Delfino
1,T.J. Ford
3,Maybyner Nene
2,Qyntel Woods
1,Dwyane Wade
2,Chris Bosh
2,Carmelo Anthony
1,Marcus Banks
1,Reece Gaines
1,Troy Bell
2,David West
2,Boris Diaw
2,Travis Outlaw
2,Brian Cook
2,Ndudi Ebi
3,Kendrick Perkins
1,Leandro Barbosa
2,Jason Kapono
2,Luke Walton
2,Jerome Beasley
1,Steve Blake
3,Slavko Vranes
1,Derrick Zimmerman
1,Willie Green
3,James Lang
2,James Jones
2,Kyle Korver
3,Brandon Hunter
3,Andreas Glyniadakis
2,Carlos Boozer
2,Vincent Yarbrough
1,Tito Maddox
3,Mario Kasun
2,Lonny Baxter
2,Chris Owens
2,Randy Holcomb
2,Corsley Edwards
2,Robert Archibald
1,Raul Lopez
3,Samuel Dalembert
1,Brandon Armstrong
1,Jeryl Sasser
1,Joseph Forte
2,Kirk Haston
2,Vladimir Radmanovic
2,Rodney White
3,Tyson Chandler
2,Michael Bradley
2,Eddie Griffin
1,Erick Barkley
3,Primoz Brezec
3,Jake Tsakalidis
3,Dalibor Bagaric
1,Morris Peterson
2,Hedo Turkoglu
1,Keyon Dooling
3,Joel Przybilla
2,Darius Miles
2,Kenyon Martin
3,Chris Mihm
2,Darnel Fizer
1,Courtney Alexander
3,Mamadou N'Diaye
2,Donnell Harvey
1,Mateen Cleaves
2,Metta World Peace
1,Baron Davis
2,Lamar Odom
2,Jonathan Bender
2,Elton Brand
1,Andre Miller
2,Shawn Marion
1,Trajan Langdon
3,Alek Radojevic
1,William Avery
2,Andrei Kirilenko
2,Cal Bowdler
2,Quincy Lewis
2,Tim James
2,James Posey
2,Kenny Thomas
1,Vonteego Cummings
2,Jumaine Jones
2,Leon Smith
2,Scott Padgett
2,Raef LaFrentz
1,Jason Williams
3,Michael Olowokandi
2,Paul Pierce
3,Michael Doleac
3,Keon Clark
1,Michael Dickerson
2,Matt Harpring
1,Bryce Drew
3,Rasho Nesterovic
2,Mirsad Turkcan
2,Pat Garrity
2,Roshown McLeod
2,Felipe Lopez
2,Al Harrington
1,Sam Jacobson
1,Corey Benjamin
2,Tony Battie
1,Ron Mercer
2,Tim Thomas
3,Adonal Foyle
2,Danny Fortson
2,Tariq Abdul-Wahad
2,Austin Croshere
2,Mo Taylor
3,Kelvin Cato
2,Johnny Taylor
3,Chris Anstey
1,Ed Gray
2,Keith Booth
3,Paul Grant
1,Charles Cornelius Smith
1,Allen Iverson
3,Marcus Camby
2,Shareef Abdur-Rahim
1,Ray Allen
2,Antoine Walker
1,Kerry Kittles
2,Samaki Walker
3,Todd Fuller
1,Kobe Bryant
2,Peja Stojakovic
1,Steve Nash
1,Tony Delk
2,John Wallace
2,Walter McCarty
2,Dontae Jones
2,Dontae Jones
1,Derek Fisher
2,Brian Evans
3,Priest Lauderdale
3,Travis Knight
1,Cory Alexander
3,Greg Ostertag
2,Sherell Ford
2,David Vaughn
1,Travis Best
3,George Zidek
2,Jason Caffey
1,Randolph Childress
1,Bob Sura
2,Eric Williams
2,Corliss Williamson
3,Cherokee Parks
2,Ed O'Bannon
1,Shawn Respert
3,Bryant Reeves
2,Kevin Garnett
2,Gary Trent
2,Glenn Robinson
2,Ruben Wolkowyski
3,Bruno Sundov
3,Jabari Smith
2,Michael Smith
1,Kiwane Garris
2,Danny Ferry
3,Soumaila Samake
1,A.J. Guyton
1,Khalid El-Amin
1,Eddie House
2,Eduardo Najera
3,Olumide Oyedeji
1,John Celestand
1,Omar Cook
3,Ruben Boumtje-Boumtje
3,Jarron Collins
1,Kenny Satterfield
1,Carlos Arroyo
1,Horace Jenkins
2,Paul Shirley
2,Jamario Moon
2,Reggie Evans
1,Jannero Pargo
1,Keith McLeod
1,Smush Parker
1,Pepe Sanchez
3,Obinna Ekezie
2,Lee Nailon
1,Raja Bell
1,Anthony Carter
1,Toby Bailey
2,Tremaine Fowlkes
2,Ansu Sesay
1,Miles Simon
1,Dean Oliver
2,Jason Sasser
3,Mark Pope
1,Kevin Ollie
1,Jeff McInnis
2,Monty Williams
2,Mark Strickland
1,Erick Strickland
2,Reggie Slater
2,Walt Williams
1,Rod Strickland
3,Casey Shaw
1,Brian Shaw
1,Charlie Ward
3,Arvydas Sabonis
3,Daniel Santiago
1,Bryon Russell
2,Rodney Rogers
3,Eric Riley
3,Sean Rooks
3,Olden Polynice
3,Zeljko Rebraca
2,Scottie Pippen
1,Wesley Person
1,Anthony Peeler
2,Billy Owens
1,Darrick Martin
2,Charles Oakley
2,Tony Massenburg
1,Doug Overton
1,Gary Payton
1,Milt Palacio
1,Reggie Miller
3,Alonzo Mourning
3,Oliver Miller
2,Pig Miller
3,Amal McCaskill
1,Mike James
2,Donny Marshall
2,Karl Malone
2,Matt Maloney
2,George Lynch
2,Popeye Jones
1,Anthony Johnson
3,Shaquille O'Neal
1,Derrick Rose
2,Michael Beasley
1,O.J. Mayo
1,Russell Westbrook
2,Danilo Gallinari
1,Eric Gordon
2,Joe Alexander
1,D.J. Augustin
1,Jerryd Bayless
2,Jason Thompson
1,Brandon Rush
2,Anthony Randolph
3,Brook Lopez
3,Marreese Speights
3,Roy Hibbert
3,JaVale McGee
2,J.J. Hickson
3,Alexis Ajinca
2,Ryan Anderson
1,Courtney Lee
3,Kosta Koufos
3,Serge Ibaka
1,George Hill
2,Nicolas Batum
2,D.J. White
2,Donte Greene
2,Darrell Arthur
2,Luc Mbah a Moute
1,C.J. Watson
2,Coby Karl
3,Joel Anthony
1,Chris Quinn
2,Jorge Garbajosa
1,Jose Calderon
3,Hamed Haddadi
1,Sean Singletary
2,Pat Ewing
2,Chris Douglas-Roberts
1,Mike Taylor
3,DeAndre Jordan
1,Mario Chalmers
2,Nikola Pekovic
2,Walter Sharpe
2,Joey Dorsey
3,Omer Asik
1,Kyle Weaver
2,Sonny Weems
3,Nathan Jawai
1,Goran Dragic
2,Malik Hairston
2,Darnell Jackson
1,Joe Crawford
3,Semih Erden
2,Hubert Davis
2,Torraye Braggs
1,Jon Barry
1,Chucky Atkins
2,Victor Alexander
1,Anthony Goldwire
2,Don Reid
3,Ratko Varda
1,David Vanterpool
1,Will Bynum
1,Dana Barros
2,Danny Manning
3,Bateer Mengke
2,Grant Hill
2,Chris Mills
2,Jud Buechler
3,Calvin Booth
2,Damone Brown
2,Christian Laettner
2,Tyrone Nesby
2,George McCloud
1,Donell Taylor
2,Lorenzo Williams
1,Bobby Brown
1,Will Solomon
1,Anthony Roberson
2,Ryan Bowen
2,Lou Amundson
2,Othello Hunter
2,Yakhouba Diawara
1,DeMarcus Nelson
3,Darryl Watkins
1,Desmon Farmer
2,James Singleton
2,Shavlik Randolph
3,Earl Barron
1,Troy Hudson
3,Brad Miller
1,Ronnie Price
2,Kasib Powell
1,Mustafa Shakur
3,Rik Smits
3,Steven Hill
1,Blake Ahearn
1,Sam Cassell
2,Britton Johnsen
1,Allan Houston
2,Jawad Williams
2,Josh Davis
1,Eddie Basden
2,Roger Powell
1,Dontell Jefferson
2,Trey Johnson
2,Linton Johnson
3,Jared Reiner
1,Vernon Maxwell
3,P.J. Brown
2,Mark Bryant
1,Mark Jackson
1,Jermaine Jackson
1,Richie Frahm
3,Pat Burke
2,Brian Scalabrine
2,Rob Kurz
3,Zan Tabak
2,Johnny Newman
2,Grant Long
1,Cuttino Mobley
2,Terry Mills
2,Brent Scott
2,Rashard Lewis
1,Jason Hart
3,LaSalle Thompson
1,Tim Hardaway
2,Lari Ketner
1,Tyus Edney
1,Bimbo Coles
1,Steve Smith
3,Zhizhi Wang
1,Latrell Sprewell
2,Sam Mitchell
1,Penny Hardaway
1,Mitch Richmond
1,Ron Harper
1,Shammond Williams
3,John Salley
2,Horace Grant
1,Jim Jackson
3,Andrew Lang
1,Larry Robinson
3,Felton Spencer
1,Jalen Rose
1,Brent Price
3,Chris Dudley
1,Voshon Lenard
2,Detlef Schrempf
3,Luke Schenscher
1,Nick Van Exel
1,Sherman Douglas
2,Rodney Buford
3,Shawn Bradley
3,Tim Young
1,Alvin Williams
2,Derrick McKey
3,Rick Mahorn
2,Bo Outlaw
1,Arvydas Macijauskas
3,Boniface Ndong
2,Vin Baker
2,Clarence Weatherspoon
1,Gerald Fitch
3,Zendon Hamilton
1,Lynn Greer
1,Greg Anthony
1,Kendall Gill
3,Ervin Johnson
1,Jerome Allen
2,Jerome Kersey
3,Greg Foster
2,Toni Kukoc
2,Anthony Mason
1,Chris McCray
1,Ricky Pierce
2,Ivan McFarlin
2,Jefferson Sobral
2,Pops Mensah-Bonsu
3,Cezary Trybanski
3,John Amaechi
2,Lazaro Borrell
1,Rick Brunson
1,Howard Eisley
3,Luc Longley
2,Lavor Postell
2,Glen Rice
3,Jonathan Kerner
1,Moochie Norris
1,Muggsy Bogues
1,Melvin Sanders
1,Alex Scales
1,Jamison Brewer
3,John Edwards
2,Rawle Marshall
2,Renaldo Major
1,Pooh Jeter
2,Steven Smith
2,Antonis Fotsis
2,Mike Batiste
1,Will Conroy
1,Kirk Penney
1,Yuta Tabuse
2,Mark Jones
2,James Thomas
1,Junior Harrington
2,Jamel Thomas
3,Andrew DeClercq
1,Kevin Edwards
2,Andre Barrett
2,Hiram Fuller
1,Jaren Jackson
1,Mahmoud Abdul-Rauf
3,Ken Johnson
3,Shawn Kemp
1,Doug Christie
2,Lamond Murray
2,Brian Grant
1,Cedric Bozeman
2,Chris Crawford
1,Anthony Grundy
2,Rick Hughes
2,Tom Gugliotta
1,Kevin Burleson
1,Maurice Carter
1,Allan Ray
1,J.R. Bremer
2,Andy Panko
2,Rick Fox
3,Ernest Brown
2,Theron Smith
2,Desmond Ferguson
1,Norman Richardson
2,Eddie Robinson
1,Avery Johnson
1,Aaron Miles
1,Kenny Anderson
3,Vlade Divac
2,Tony Farmer
1,Tierre Brown
2,Antoine Carr
1,Fred Hoiberg
1,Lucious Harris
2,Alton Ford
2,Erik Daniels
1,Geno Carlisle
1,Maurice Baker
2,Sharrod Ford
2,Deng Gai
2,Terence Morris
2,Stacey Augmon
2,Jamal Mashburn
2,Lawrence Funderburke
1,Shane Heal
1,Ibrahim Kutluay
2,Corie Blount
1,Dell Curry
3,Antonio Harvey
2,Mike Hall
1,Jason Miskiri
2,Ben Handlogten
3,Dragan Tarlac
2,Derek Hood
1,Chris Herren
1,Jeff Trepagnier
3,Marc Jackson
3,Dan McClintock
3,Evan Eschmeyer
1,Sean Colson
2,Devin Gray
2,Terrance Roberson
2,Chris Porter
1,Igor Rakocevic
1,Tony Bobbitt
2,Steve Goodrich
1,Ira Bowman
2,Tyrone Hill
1,Hersey Hawkins
3,Nate Huffman
1,Brandin Knight
1,Emanual Davis
1,Rusty LaRue
3,Hakeem Olajuwon
3,Stanley Roberts
1,Adam Harrington
1,Mitchell Butler
1,Randy Brown
1,Mario Elie
1,Kevin Johnson
1,Dan Majerle
2,Jerald Honeycutt
2,Tracy Murray
3,Todd MacCulloch
2,Desmond Penigar
1,Derrick Dial
1,Robert Pack
1,Chris Childs
1,Michael Jordan
2,Gerard King
2,Mike Smith
2,Dennis Scott
2,Cartier Martin
2,Stephen Howard
2,Dickey Simpkins
1,Chris Carr
2,Greg Minor
1,Bryant Stith
2,Harold Jamison
2,Makhtar N'Diaye
2,J.R. Reid
2,Bill Curley
2,Antoine Rigaudeau
2,Terry Davis
2,Art Long
1,Paul McPherson
1,Predrag Savovic
1,Mookie Blaylock
1,Chris Garner
3,Dean Garrett
2,Adam Keefe
2,Chris Mullin
3,Guy Rucker
2,Juaquin Hawkins
2,Derek Strong
2,Willie Anderson
1,Blue Edwards
2,LaPhonso Ellis
2,A.C. Green
2,Ed Pinckney
1,Terrell Brandon
3,Jim McIlvaine
2,Matt Bullard
3,Matt Geiger
2,Alvin Jones
1,Terry Porter
3,David Robinson
3,Eric Montross
1,John Stockton
2,Loy Vaught
1,John Starks
2,Thurl Bailey
2,Armen Gilliam
1,Jeff Hornacek
2,Etdrick Bohannon
2,Chucky Brown
2,Chris Gatling
1,Gary Grant
1,Michael Hawkins
1,J.R. Rider
2,Cedric Henderson
3,Shawnelle Scott
2,Tyrone Corbin
1,Joe Dumars
1,Derek Harper
1,Eric Murdock
3,John Coker
2,Terry Cummings
2,Charles Barkley
2,Don MacLean
1,Gerald Brown
3,Trevor Winter
3,Joe Kleine
2,Sam Perkins
1,Rex Walters
1,Joe Crispin
1,Mike Penberthy
1,Vinny Del Negro
3,Will Perdue
1,Eldridge Recasner
2,Chuck Person
1,James Robinson
3,Keith Closs
3,Ike Austin
3,Will Cunningham
1,Ike Fontaine
1,Elliot Perry
3,Duane Causwell
2,Cedric Ceballos
2,Tang Hamilton
2,Sam Mack
2,Tom Hammonds
2,Sharone Wright
2,Jamie Feick
1,Bobby Phills
2,Otis Thorpe
1,Dee Brown
3,Patrick Ewing
1,Gerald Wilkins
1,Rex Chapman
1,Steve Kerr
1,DeJuan Wheat
2,Jamie Watson
2,Andrew Gaze
2,Sean Elliott
3,Pervis Ellison
1,Jeff Sheppard
2,David Benoit
1,Fred Vinson
3,Garth Joseph
1,Tony Smith
1,John Crotty
3,Rony Seikaly
2,A.J. Bramlett
2,DeMarco Johnson
1,Ryan Robertson
2,Korleone Young
1,Tyson Wheeler
2,Ryan Stack
1,Corry Carr
2,J.R. Henderson
2,Joe Stephens
3,Robert Werdann
2,Keith Askins
2,Lou Roe
3,Danny Schayes
1,Malik Sealy
3,Yinka Dare
1,Tim Legler
2,Michael Cage
2,Mark Hendrickson
1,Corey Beck
2,Jimmy Oliver
1,Lee Mayberry
2,Dominique Wilkins
2,Mike Brown
2,Kevin Gamble
1,B.J. Tyler
3,Mark West
3,Bill Wennington
1,Haywoode Workman
2,Harvey Grant
2,Pete Chilcutt
1,Reggie Jordan
1,B.J. Armstrong
1,Khalid Reeves
1,James Cotton
1,Eric Washington
1,Wayne Turner
2,Dino Radja
1,Drew Barry
2,Duane Ferrell
1,Dedric Willoughby
3,Benoit Benjamin
1,John Morton
1,Pooh Richardson
3,Bison Dele
1,Marcus Brown
2,Randell Jackson
2,Dennis Rodman
2,Kebu Stewart
3,Dwayne Schintzius
3,Thomas Hamilton
2,Eddie Johnson
1,Charles R. Jones
2,Adrian Caldwell
1,Terry Dehere
2,Anthony Avent
2,Charles O'Bannon
3,Robert Parish
2,Matt Steigenga
2,Stacey King
2,Jeff Sanders
1,Bobby Hurley
1,Greg Graham
3,Luther Wright
2,Acie Earl
3,Malcolm Mackey
3,Geert Hammink
2,Tony Dumas
1,Brooks Thompson
3,James Edwards
1,Randy Woods
1,Harold Miner
2,Doug Edwards
2,Byron Houston
3,Elmore Spencer
2,Marko Milic
1,James Collins
1,God Shammgod
1,Marlon Garnett
1,Willie Burton
2,Carl Herrera
1,Litterial Green
3,Joe Wolf
2,Ken Norman
2,Kelly McCarty
2,Mark Randall
1,Steve Henson
1,Mark Macon
1,Scott Brooks
1,Byron Scott
2,Ronnie Grandison
3,Peter Aluma
1,Alvin Sims
1,Travis Williams
3,Stojko Vrankovic
1,Shea Seals
2,Chris Morris
2,Darrin Hancock
1,Mark Price
1,Ruben Nembhard
1,Craig Ehlo
3,Herb Williams
2,Buck Williams
3,Horacio Llamas
2,Evric Gray
1,Micheal Williams
2,Lionel Simmons
1,Mark Baker
1,Negele Knight
2,Chris King
2,Ray Owes
1,Chris Robinson
2,Charles Daniel Smith
1,Adonis Jordan
2,Jeff Nordgaard
1,Reggie Geary
2,Cadillac Anderson
2,Lloyd Daniels
1,Brian Oliver
1,Donald Whiteside
2,Reggie Hanson
1,Carl Thomas
2,Henry James
2,Donald Royal
1,Harold Ellis
2,Steve Scheffler
2,Andrew Amaya
1,Rumeal Robinson
3,Jon Koncak
1,Gerald Madkins
1,Clyde Drexler
2,Ivano Newbill
2,Tim Breaux
2,Matt Fish
2,Xavier McDaniel
2,Anthony Bonner
3,Tree Rollins
1,Spud Webb
3,Mark Bradtke
2,Tom Chambers
1,Frankie King
2,Wayman Tisdale
1,Doc Rivers
2,Martin Lewis
3,Kevin Salvadori
2,Derek Grimm
2,Sean Higgins
2,Dontonio Wingfield
3,Michael McDonald
2,Larry Johnson
1,Lawrence Moten
2,Bob McCann
3,Ed Stokes
1,Ledell Eackles
1,Terrence Rencher
2,Junior Burrough
2,Dwayne Whitfield
2,Donnie Boyce
3,Steve Hamer
1,Gaylon Nickerson
2,Jeff Webster
2,Dwayne Morton
3,Charles Claxton
2,Evers Burns
1,Alphonso Ford
1,Darnell Mee
3,Rich Manning
2,Josh Grant
3,Kevin Thompson
3,Mike Peplowski
2,Dave Johnson
2,Frank Brickowski
2,Nate Driggers
2,Julius Nwosu
3,Brett Szabo
1,John Battle
2,Blake Griffin
3,Hasheem Thabeet
1,James Harden
1,Ricky Rubio
1,Stephen Curry
1,Tyreke Evans
1,Jonny Flynn
2,Jordan Hill
2,James Johnson
1,Gerald Henderson
2,Tyler Hansbrough
1,Brandon Jennings
3,Byron Mullens
2,DeJuan Blair
1,Ty Lawson
1,Jeff Teague
1,Jrue Holiday
1,Eric Maynor
2,DaJuan Summers
2,Omri Casspi
2,Earl Clark
1,Wayne Ellington
2,Derrick Brown
2,Taj Gibson
2,Jonas Jerebko
1,Toney Douglas
2,Austin Daye
2,Sam Young
1,Rodrigue Beaubois
2,Victor Claver
1,Jermaine Taylor
2,DeMarre Carroll
1,Patty Mills
1,Nick Calathes
1,Marcus Thornton
1,Dionte Christmas
1,Darren Collison
1,Jerel McNeal
2,Jeff Adrien
2,Danny Green
3,Viacheslav Kravtsov
1,Jodie Meeks
2,Jon Brockman
2,Terrel Harris
2,Dante Cunningham
1,Nando De Colo
1,Wesley Matthews
3,Chris Johnson
1,A.J. Price
2,Alonzo Gee
3,Garret Siler
2,Joe Ingles
1,Patrick Beverley
2,Taylor Griffin
1,Lester Hudson
3,Luke Zeller
1,Jeremy Pargo
2,Gary Forbes
1,Garrett Temple
3,Marcus Cousin
1,Squeaky Johnson
2,Eric Dawson
1,Antonio Anderson
1,Zabian Dowdell
2,Reggie Williams
3,Aron Baynes
2,Larry Owens
3,Greg Stiemsma
2,Trey Gilder
1,Brian Roberts
2,Marcus Landry
3,Pero Antic
1,Sherron Collins
2,Lance Thomas
2,Vernon Macklin
1,Walker Russell
1,Oliver Lafayette
2,Kyle Singler
2,Patrick Patterson
1,Nolan Smith
1,Chris Wright
3,Cole Aldrich
2,Gani Lawal
1,Larry Drew
2,Ed Davis
3,Tyler Zeller
2,Al-Farouq Aminu
1,Kemba Walker
1,Malcolm Lee
1,Iman Shumpert
2,Scotty Hopson
2,Luke Babbitt
2,JaMychal Green
2,Chris Singleton
1,Elliot Williams
3,DeMarcus Cousins
2,Ryan Kelly
1,Avery Bradley
1,John Wall
1,Lance Stephenson
1,Xavier Henry
2,Larry Sanders
1,Peyton Siva
1,Maalik Wayns
2,David Wear
2,Travis Wear
2,John Henson
2,Mason Plumlee
3,Solomon Alabi
2,Craig Brackins
2,Kenny Williams
3,Donald Hodge
2,Eric Anderson
3,Matt Wenstrom
1,Derrick Phelps
2,Kawhi Leonard
2,Daniel Orton
1,Brandon Knight
2,Damion James
2,Marcus Liberty
2,Rodney Monroe
1,LaBradford Smith
3,Tito Horford
1,Howard Nathan
1,Manny Harris
2,Devin Ebanks
2,Kenneth Faried
2,Luke Harangody
2,Lazar Hayward
2,Robbie Hummel
3,Jerome Jordan
1,Kalin Lucas
3,Donatas Motiejunas
2,Arinze Onuaku
2,Quincy Pondexter
1,Alexey Shved
1,Tyshawn Taylor
1,Greivis Vasquez
2,Jan Vesely
1,E'Twaun Moore
2,Trey Thompkins
2,DeQuan Jones
2,Draymond Green
2,Kevin Jones
3,Henry Sims
2,Harrison Barnes
2,Jeremy Tyler
3,Jared Sullinger
2,Tyler Honeycutt
1,John Jenkins
1,Lorenzo Brown
2,Thomas Robinson
1,Jerry Smith
2,Drew Gordon
2,Gigi Datome
